{
    "LoadLight": {
        "1回転の時間": 6.920000076293945,
        "ポジション": [
            6.670000076293945,
            0.9300000071525574,
            0.0
        ],
        "位置の間隔": 8.880000114440918,
        "向き": [
            0.7799999713897705,
            1.0,
            0.0
        ],
        "回転の半径": 0.2800000011920929
    }
}
