{
    "MainScreen": {
        "スケール": 2.430000066757202,
        "ポジション": [
            0.0,
            11.279999732971191,
            4.0
        ],
        "向き": [
            0.0,
            0.0,
            0.0
        ]
    }
}
