{
    "Stage0": {
        "Tree1アイドルの設置_Tree2メインアイドル_Tree3アイドル0_初期座標": [
            0.0,
            0.0,
            0.0
        ],
        "Tree1アイドルの設置_Tree2メインアイドル_アイドルの数": 1,
        "Tree1スクリーンの設置_Tree2マルチスクリーン_Tree3スクリーン0_Tree4スクリーン0_スケール": 3.75,
        "Tree1スクリーンの設置_Tree2マルチスクリーン_Tree3スクリーン0_Tree4スクリーン0_ポジション": [
            0.0,
            22.440000534057617,
            30.0
        ],
        "Tree1スクリーンの設置_Tree2マルチスクリーン_Tree3スクリーン0_Tree4スクリーン0_向き": [
            0.0,
            0.0,
            0.0
        ],
        "Tree1スクリーンの設置_Tree2マルチスクリーン_Tree3スクリーン0_Tree4スクリーン1_スケール": 2.700000047683716,
        "Tree1スクリーンの設置_Tree2マルチスクリーン_Tree3スクリーン0_Tree4スクリーン1_ポジション": [
            32.0,
            19.8700008392334,
            25.0
        ],
        "Tree1スクリーンの設置_Tree2マルチスクリーン_Tree3スクリーン0_Tree4スクリーン1_向き": [
            0.0,
            0.46000000834465027,
            0.0
        ],
        "Tree1スクリーンの設置_Tree2マルチスクリーン_Tree3スクリーン0_Tree4スクリーン2_スケール": 2.700000047683716,
        "Tree1スクリーンの設置_Tree2マルチスクリーン_Tree3スクリーン0_Tree4スクリーン2_ポジション": [
            -32.0,
            22.440000534057617,
            30.0
        ],
        "Tree1スクリーンの設置_Tree2マルチスクリーン_Tree3スクリーン0_Tree4スクリーン2_向き": [
            0.0,
            -0.46000000834465027,
            0.0
        ],
        "Tree1スクリーンの設置_Tree2マルチスクリーン_Tree3スクリーン0_スクリーンの数": 3,
        "Tree1ステージ床の設置_Tree2ステージ床_Tree3ステージ床0_Tree4水の設定_うねうねの動きにくさ": 30,
        "Tree1ステージ床の設置_Tree2ステージ床_Tree3ステージ床0_Tree4水の設定_うねうねの色": [
            0.36000001430511475,
            0.5699999928474426,
            0.8999999761581421
        ],
        "Tree1ステージ床の設置_Tree2ステージ床_Tree3ステージ床0_Tree4水の設定_密度": 2.859999895095825,
        "Tree1ステージ床の設置_Tree2ステージ床_Tree3ステージ床0_Tree4水の設定_水の色": [
            0.0,
            0.5600000023841858,
            1.0
        ],
        "Tree1ステージ床の設置_Tree2ステージ床_Tree3ステージ床0_スケール": 0.23999999463558197,
        "Tree1ステージ床の設置_Tree2ステージ床_Tree3ステージ床0_水にするか": true,
        "Tree1ドームの設置_Tree2ドーム_Tree3ドーム0_スケール": 1.0,
        "Tree1ドームの設置_Tree2ドーム_Tree3ドーム0_回転": 0.0,
        "Tree1ライトの設置_Tree2スポットライト_ライトの数": 0,
        "Tree1ライトの設置_Tree2ツインスポットライト_Tree3ライト0～9_Tree4ライト0_Tree5ライトの調整_内のライトの減衰し始める角度": 0.9700000286102295,
        "Tree1ライトの設置_Tree2ツインスポットライト_Tree3ライト0～9_Tree4ライト0_Tree5ライトの調整_内のライトの減衰率": 3.200000047683716,
        "Tree1ライトの設置_Tree2ツインスポットライト_Tree3ライト0～9_Tree4ライト0_Tree5ライトの調整_内のライトの距離": 0.9700000286102295,
        "Tree1ライトの設置_Tree2ツインスポットライト_Tree3ライト0～9_Tree4ライト0_Tree5ライトの調整_内のライトの輝度": 22.0,
        "Tree1ライトの設置_Tree2ツインスポットライト_Tree3ライト0～9_Tree4ライト0_Tree5ライトの調整_内のライトの開く角度": 0.9700000286102295,
        "Tree1ライトの設置_Tree2ツインスポットライト_Tree3ライト0～9_Tree4ライト0_Tree5ライトの調整_外のライトの減衰し始める角度": 0.9800000190734863,
        "Tree1ライトの設置_Tree2ツインスポットライト_Tree3ライト0～9_Tree4ライト0_Tree5ライトの調整_外のライトの減衰率": 3.484999895095825,
        "Tree1ライトの設置_Tree2ツインスポットライト_Tree3ライト0～9_Tree4ライト0_Tree5ライトの調整_外のライトの距離": 23.0,
        "Tree1ライトの設置_Tree2ツインスポットライト_Tree3ライト0～9_Tree4ライト0_Tree5ライトの調整_外のライトの輝度": 12.196000099182129,
        "Tree1ライトの設置_Tree2ツインスポットライト_Tree3ライト0～9_Tree4ライト0_Tree5ライトの調整_外のライトの開く角度": 0.949999988079071,
        "Tree1ライトの設置_Tree2ツインスポットライト_Tree3ライト0～9_Tree4ライト0_位置": [
            10.8100004196167,
            30.0,
            0.0
        ],
        "Tree1ライトの設置_Tree2ツインスポットライト_Tree3ライト0～9_Tree4ライト0_回転": [
            -3.2799999713897705,
            0.0,
            -0.10999999940395355
        ],
        "Tree1ライトの設置_Tree2ツインスポットライト_Tree3ライト0～9_Tree4ライト1_Tree5ライトの調整_内のライトの減衰し始める角度": 0.9700000286102295,
        "Tree1ライトの設置_Tree2ツインスポットライト_Tree3ライト0～9_Tree4ライト1_Tree5ライトの調整_内のライトの減衰率": 3.200000047683716,
        "Tree1ライトの設置_Tree2ツインスポットライト_Tree3ライト0～9_Tree4ライト1_Tree5ライトの調整_内のライトの距離": 0.9700000286102295,
        "Tree1ライトの設置_Tree2ツインスポットライト_Tree3ライト0～9_Tree4ライト1_Tree5ライトの調整_内のライトの輝度": 22.0,
        "Tree1ライトの設置_Tree2ツインスポットライト_Tree3ライト0～9_Tree4ライト1_Tree5ライトの調整_内のライトの開く角度": 0.9700000286102295,
        "Tree1ライトの設置_Tree2ツインスポットライト_Tree3ライト0～9_Tree4ライト1_Tree5ライトの調整_外のライトの減衰し始める角度": 0.9800000190734863,
        "Tree1ライトの設置_Tree2ツインスポットライト_Tree3ライト0～9_Tree4ライト1_Tree5ライトの調整_外のライトの減衰率": 3.484999895095825,
        "Tree1ライトの設置_Tree2ツインスポットライト_Tree3ライト0～9_Tree4ライト1_Tree5ライトの調整_外のライトの距離": 23.0,
        "Tree1ライトの設置_Tree2ツインスポットライト_Tree3ライト0～9_Tree4ライト1_Tree5ライトの調整_外のライトの輝度": 12.196000099182129,
        "Tree1ライトの設置_Tree2ツインスポットライト_Tree3ライト0～9_Tree4ライト1_Tree5ライトの調整_外のライトの開く角度": 0.949999988079071,
        "Tree1ライトの設置_Tree2ツインスポットライト_Tree3ライト0～9_Tree4ライト1_位置": [
            8.449999809265137,
            2.069999933242798,
            0.18000000715255737
        ],
        "Tree1ライトの設置_Tree2ツインスポットライト_Tree3ライト0～9_Tree4ライト1_回転": [
            0.0,
            0.0,
            0.0
        ],
        "Tree1ライトの設置_Tree2ツインスポットライト_Tree3ライト0～9_Tree4ライト2_Tree5ライトの調整_内のライトの減衰し始める角度": 0.9700000286102295,
        "Tree1ライトの設置_Tree2ツインスポットライト_Tree3ライト0～9_Tree4ライト2_Tree5ライトの調整_内のライトの減衰率": 3.200000047683716,
        "Tree1ライトの設置_Tree2ツインスポットライト_Tree3ライト0～9_Tree4ライト2_Tree5ライトの調整_内のライトの距離": 0.9700000286102295,
        "Tree1ライトの設置_Tree2ツインスポットライト_Tree3ライト0～9_Tree4ライト2_Tree5ライトの調整_内のライトの輝度": 22.0,
        "Tree1ライトの設置_Tree2ツインスポットライト_Tree3ライト0～9_Tree4ライト2_Tree5ライトの調整_内のライトの開く角度": 0.9700000286102295,
        "Tree1ライトの設置_Tree2ツインスポットライト_Tree3ライト0～9_Tree4ライト2_Tree5ライトの調整_外のライトの減衰し始める角度": 0.9800000190734863,
        "Tree1ライトの設置_Tree2ツインスポットライト_Tree3ライト0～9_Tree4ライト2_Tree5ライトの調整_外のライトの減衰率": 3.484999895095825,
        "Tree1ライトの設置_Tree2ツインスポットライト_Tree3ライト0～9_Tree4ライト2_Tree5ライトの調整_外のライトの距離": 23.0,
        "Tree1ライトの設置_Tree2ツインスポットライト_Tree3ライト0～9_Tree4ライト2_Tree5ライトの調整_外のライトの輝度": 12.196000099182129,
        "Tree1ライトの設置_Tree2ツインスポットライト_Tree3ライト0～9_Tree4ライト2_Tree5ライトの調整_外のライトの開く角度": 0.949999988079071,
        "Tree1ライトの設置_Tree2ツインスポットライト_Tree3ライト0～9_Tree4ライト2_位置": [
            24.530000686645508,
            28.0,
            3.1600000858306885
        ],
        "Tree1ライトの設置_Tree2ツインスポットライト_Tree3ライト0～9_Tree4ライト2_回転": [
            -3.509999990463257,
            0.0,
            -0.5299999713897705
        ],
        "Tree1ライトの設置_Tree2ツインスポットライト_ライトの数": 3
    }
}
