{
    "Stage0": {
        "アイドルの設置": {
            "メインアイドル": {
                "アイドル0": {
                    "初期座標": [
                        0.0,
                        0.0,
                        0.0
                    ]
                },
                "アイドル1": {
                    "初期座標": [
                        6.039999961853027,
                        0.0,
                        0.0
                    ]
                },
                "アイドルの数": 1
            }
        },
        "スクリーンの設置": {
            "マルチスクリーン": {
                "スクリーン0": {
                    "スクリーン0": {
                        "スケール": 3.680000066757202,
                        "ポジション": [
                            0.0,
                            22.440000534057617,
                            30.0
                        ],
                        "向き": [
                            0.0,
                            0.0,
                            0.0
                        ]
                    },
                    "スクリーン1": {
                        "スケール": 2.700000047683716,
                        "ポジション": [
                            32.0,
                            19.8700008392334,
                            25.0
                        ],
                        "向き": [
                            0.0,
                            0.46000000834465027,
                            0.0
                        ]
                    },
                    "スクリーン2": {
                        "スケール": 2.700000047683716,
                        "ポジション": [
                            -32.0,
                            22.440000534057617,
                            30.0
                        ],
                        "向き": [
                            0.0,
                            -0.46000000834465027,
                            0.0
                        ]
                    },
                    "スクリーンの数": 3
                }
            }
        },
        "ステージ床の設置": {
            "ステージ床": {
                "ステージ床0": {
                    "スケール": 0.23999999463558197,
                    "水にするか": true,
                    "水の設定": {
                        "うねうねの動きにくさ": 30,
                        "うねうねの色": [
                            0.36000001430511475,
                            0.5699999928474426,
                            0.8999999761581421
                        ],
                        "密度": 2.859999895095825,
                        "水の色": [
                            0.0,
                            0.5600000023841858,
                            1.0
                        ]
                    }
                }
            }
        },
        "ドームの設置": {
            "ドーム": {
                "ドーム0": {
                    "スケール": 1.0,
                    "回転": 0.0
                }
            }
        },
        "ライトの設置": {
            "スポットライト": {
                "ライトの数": 0
            },
            "ツインスポットライト": {
                "ライト0～9": {
                    "ライト0": {
                        "ライトの調整": {
                            "内のライトの減衰し始める角度": 0.9700000286102295,
                            "内のライトの減衰率": 3.200000047683716,
                            "内のライトの距離": 0.9700000286102295,
                            "内のライトの輝度": 22.0,
                            "内のライトの開く角度": 0.9700000286102295,
                            "外のライトの減衰し始める角度": 0.9800000190734863,
                            "外のライトの減衰率": 3.484999895095825,
                            "外のライトの距離": 23.0,
                            "外のライトの輝度": 12.196000099182129,
                            "外のライトの開く角度": 0.949999988079071
                        },
                        "位置": [
                            10.8100004196167,
                            30.0,
                            0.0
                        ],
                        "回転": [
                            -3.2799999713897705,
                            0.0,
                            -0.10999999940395355
                        ]
                    },
                    "ライト1": {
                        "ライトの調整": {
                            "内のライトの減衰し始める角度": 0.9700000286102295,
                            "内のライトの減衰率": 3.200000047683716,
                            "内のライトの距離": 0.9700000286102295,
                            "内のライトの輝度": 22.0,
                            "内のライトの開く角度": 0.9700000286102295,
                            "外のライトの減衰し始める角度": 0.9800000190734863,
                            "外のライトの減衰率": 3.484999895095825,
                            "外のライトの距離": 23.0,
                            "外のライトの輝度": 12.196000099182129,
                            "外のライトの開く角度": 0.949999988079071
                        },
                        "位置": [
                            8.449999809265137,
                            2.069999933242798,
                            0.18000000715255737
                        ],
                        "回転": [
                            0.0,
                            0.0,
                            0.0
                        ]
                    },
                    "ライト2": {
                        "ライトの調整": {
                            "内のライトの減衰し始める角度": 0.9700000286102295,
                            "内のライトの減衰率": 3.200000047683716,
                            "内のライトの距離": 0.9700000286102295,
                            "内のライトの輝度": 22.0,
                            "内のライトの開く角度": 0.9700000286102295,
                            "外のライトの減衰し始める角度": 0.9800000190734863,
                            "外のライトの減衰率": 3.484999895095825,
                            "外のライトの距離": 23.0,
                            "外のライトの輝度": 12.196000099182129,
                            "外のライトの開く角度": 0.949999988079071
                        },
                        "位置": [
                            24.530000686645508,
                            28.0,
                            3.1600000858306885
                        ],
                        "回転": [
                            -3.509999990463257,
                            0.0,
                            -0.5299999713897705
                        ]
                    }
                },
                "ライトの数": 3
            }
        }
    }
}
