{
    "DontTouch": {
        "Music全体のプレイヤー設定": 0.699999988079071,
        "SE全体のプレイヤー設定": 0.699999988079071
    }
}
