{
    "Volume": {
        "Master": {
            "Music全体のボリューム": 0.699999988079071,
            "SE全体のボリューム": 0.699999988079071
        },
        "Music": {
            "シャイニングスターのボリューム": 0.699999988079071
        },
        "SE": {
            "タップ音のボリューム": 0.699999988079071,
            "ライブ終わりの歓声のボリューム": 0.699999988079071,
            "決定音のボリューム": 0.699999988079071
        }
    }
}
